Nom,Categorie,Prix,Avis,URL,ImageURL
,,,,,
HP 15-fd0080nk i5 13è Gén 24Go 512G SSD,Technologie,"1,949 TND",4.5/5,https://www.mytek.tn/pc-portable-hp-15-fd0080nk-i5-13e-gen-24go-512g-ssd-noir.html,:/ressources/Recommandations/hp15noir.jpg
,,,,,
PC Portable Gamer MSI Thin 15 B12UC i5 12è Gén 24Go RTX 3050,Technologie,2639 TND,4.7/5,https://www.mytek.tn/pc-portable-gamer-msi-thin-15-b12uc-i5-12e-gen-24go-rtx-3050.html,:/ressources/Recommandations/pc-gamer-msi.jpg
,,,,,
Casque Filaire DELL WH3024 USB - Noir,Technologie,289 TND,4.4/5,https://www.mytek.tn/casque-filaire-dell-wh3024-usb-noir.html,:/ressources/Recommandations/casque-dell.jpg
,,,,,
Bureau Latéral Avec Deux Rangement,Mobilier,179 TND,4.3/5,https://spacenet.tn/bureau/79569-bureau-lateral-avec-deux-rangement-93x-755-x-50-cm-mauve.html,:/ressources/Recommandations/bureau-lateral.jpg
,,,,,
Lampe de bureau architecte,Eclairage,89 TND,4.6/5,https://artelec.tn/produit/lampe-de-bureau-architecte/,:/ressources/Recommandations/lampe-bureau.png
,,,,,
Lampe Bureau Architecte Bois,Eclairage,179 TND,4.6/5,https://artelec.tn/produit/lampe-bureau-architecte-bois/,:/ressources/Recommandations/lampe-Arch.png
,,,,,
Lessive Liquide BRIMAX 4.5L ,Nettoyage,5.9 TND,4.4/5,https://www.wamia.tn/lessive-liquide-pour-linge-4-5-litres-0-5-litre-gratuit-brimax.html,:/ressources/Recommandations/lessive.jpg
,,,,,
Imprimante Multifonction HP LaserJet Pro MFP,Technologie,"1,112 TND",4.8/5,https://www.tunisianet.com.tn/imprimante-et-multifonction-laser/44022-imprimante-multifonctions-hp-laserjet-pro-mfp-m183fw-couleur.html,/ressources/Recommandations/imprimante-hp.jpg
,,,,,
Scanner Epson Perfection V39,Technologie,229 TND,4.7/5,https://www.mytek.tn/scanner-de-photos-et-de-documents-epson-perfection-v39ii-a4-noir-b11b268401.html,/ressources/Recommandations/scanner.jpg
